Startup_ID,Industry,Founder_Experience,Team_Size,Funding_USD,Market_Size,AI_Adoption,Customer_Growth,Burn_Rate,Revenue,Investor_Support,Product_Innovation,Competition_Level,Success
ST001,FinTech,10,11,878004,Small,High,83,16,161909,Yes,9,Medium,1
ST002,E-commerce,1,7,959420,Small,High,53,18,514706,No,2,Low,0
ST003,SaaS,1,38,1277969,Small,Medium,50,16,473642,Yes,1,Medium,0
ST004,SaaS,9,37,1761541,Large,Low,87,33,226123,Yes,10,Medium,1
ST005,FinTech,1,15,1091056,Medium,Medium,87,78,906726,No,6,High,0
ST006,EdTech,7,7,1254653,Small,High,38,77,1048334,No,6,Medium,0
ST007,SaaS,5,23,368734,Medium,High,62,63,92223,No,2,Medium,0
ST008,E-commerce,14,6,1811540,Medium,High,11,44,1004256,Yes,2,High,0
ST009,FinTech,14,20,1552877,Small,High,49,54,57317,No,8,Low,0
ST010,FinTech,9,10,1598460,Medium,Medium,31,60,829880,Yes,8,Low,0
ST011,E-commerce,13,37,633891,Small,Low,90,63,762397,Yes,7,Low,0
ST012,SaaS,7,2,1067040,Large,Medium,75,33,561019,Yes,5,Low,1
ST013,EdTech,10,10,1498070,Medium,High,65,89,1383564,No,1,High,0
ST014,AI,3,32,1380201,Small,Low,51,17,409737,Yes,2,Medium,0
ST015,E-commerce,3,2,1238631,Large,Low,19,78,222786,Yes,6,Low,0
ST016,FinTech,8,24,1313071,Medium,Medium,46,70,267618,No,2,Medium,0
ST017,SaaS,3,23,1602629,Medium,High,33,71,1748235,Yes,3,Low,0
ST018,SaaS,0,35,675139,Small,Medium,82,21,1470030,No,5,Low,0
ST019,AI,10,16,1336032,Medium,High,24,40,1726168,Yes,7,Low,0
ST020,HealthTech,0,19,1040359,Medium,High,33,34,1462323,No,10,Medium,0
ST021,EdTech,2,16,264239,Large,High,29,70,422522,Yes,6,Medium,0
ST022,E-commerce,11,7,1800385,Large,Medium,84,25,824818,No,4,Low,1
ST023,FinTech,12,31,891769,Medium,High,10,30,366523,Yes,3,Low,0
ST024,FinTech,15,24,376972,Small,High,70,80,284693,Yes,1,High,0
ST025,SaaS,13,14,1782573,Large,Low,27,13,538135,No,4,High,0
ST026,SaaS,13,10,177726,Large,Low,45,68,1399310,No,10,High,0
ST027,SaaS,0,30,1678451,Large,Medium,23,87,18247,Yes,3,Low,0
ST028,AI,1,22,1480952,Small,Low,66,77,1174846,Yes,8,High,0
ST029,FinTech,3,34,998281,Large,High,71,13,1603821,No,2,Medium,0
ST030,AI,8,30,1115680,Medium,Low,68,71,1074832,No,4,High,0
ST031,FinTech,12,30,712657,Small,Medium,9,40,908291,Yes,2,High,0
ST032,FinTech,11,11,580805,Large,Low,17,69,470509,No,2,Medium,0
ST033,SaaS,13,34,896850,Medium,High,43,63,420506,No,6,Low,1
ST034,FinTech,14,30,1524615,Small,Low,2,59,705201,No,9,High,0
ST035,HealthTech,3,7,606928,Large,Medium,34,15,1643676,No,3,Low,0
ST036,AI,12,11,1175329,Large,Low,65,83,1047276,Yes,6,Medium,0
ST037,HealthTech,8,3,1380516,Small,Medium,11,43,185620,Yes,10,Low,0
ST038,HealthTech,13,19,1353806,Small,Medium,16,15,1115020,Yes,4,Low,0
ST039,AI,9,35,1642783,Small,Medium,26,47,944673,Yes,9,Medium,0
ST040,E-commerce,0,3,1587380,Small,Medium,64,80,407319,No,9,Low,0
ST041,FinTech,13,33,1194848,Large,Low,50,74,655467,Yes,4,Medium,0
ST042,EdTech,12,24,164061,Small,Low,16,11,158316,No,5,Low,0
ST043,HealthTech,9,40,557957,Medium,Medium,88,47,104869,Yes,8,Low,1
ST044,EdTech,10,37,728499,Medium,Low,31,14,659169,No,4,Low,0
ST045,AI,8,34,1425769,Small,Low,25,41,1068507,Yes,1,Medium,0
ST046,HealthTech,12,3,678403,Large,High,38,90,498237,Yes,2,High,0
ST047,SaaS,15,11,645961,Large,High,79,28,101830,No,9,High,0
ST048,EdTech,0,39,1723458,Medium,High,87,39,188450,Yes,1,Low,0
ST049,AI,14,37,156494,Small,Medium,80,12,1323292,Yes,9,Medium,1
ST050,E-commerce,2,35,188517,Small,High,60,42,1707054,No,2,Low,0
ST051,SaaS,14,33,1823207,Large,High,48,19,1014557,Yes,5,High,1
ST052,E-commerce,4,23,582551,Small,Medium,83,48,1312647,Yes,10,Low,0
ST053,SaaS,3,15,1467061,Medium,Medium,62,47,1496610,No,9,Medium,0
ST054,FinTech,6,21,230049,Medium,Medium,60,12,617311,Yes,8,High,1
ST055,AI,2,39,239379,Large,High,18,77,559053,Yes,6,High,0
ST056,E-commerce,11,16,1094146,Medium,High,62,60,62081,Yes,3,Medium,0
ST057,FinTech,4,28,771336,Medium,Medium,48,50,263565,Yes,6,Medium,0
ST058,HealthTech,0,20,581024,Medium,Medium,47,18,833969,Yes,7,Medium,0
ST059,HealthTech,3,5,1800442,Large,Medium,84,46,1341614,Yes,3,Medium,0
ST060,EdTech,13,3,1752808,Small,Low,80,61,1172143,Yes,9,High,1
ST061,HealthTech,14,10,1401594,Medium,Medium,36,72,112712,Yes,9,Low,0
ST062,FinTech,8,18,901882,Large,Low,83,40,640899,No,8,Low,1
ST063,FinTech,15,37,511426,Small,High,57,52,1602258,No,8,Low,0
ST064,E-commerce,10,37,241038,Medium,High,40,40,782392,Yes,5,Low,0
ST065,FinTech,6,26,616734,Large,High,43,17,1054687,No,5,Low,0
ST066,E-commerce,2,19,1930705,Small,Low,31,59,848351,No,8,Medium,0
ST067,FinTech,15,39,1077236,Small,Low,0,19,831079,No,9,Medium,0
ST068,FinTech,3,31,228265,Large,Low,70,15,12864,Yes,3,High,0
ST069,FinTech,8,35,1384399,Small,High,55,24,218550,No,2,High,0
ST070,AI,0,2,1177169,Small,High,38,68,594274,Yes,6,Medium,0
ST071,HealthTech,13,21,165990,Large,Low,2,34,1055032,Yes,7,Medium,0
ST072,HealthTech,7,33,121507,Small,Medium,89,53,1516451,No,7,High,1
ST073,HealthTech,2,15,1089549,Medium,Low,25,49,1616118,Yes,4,Medium,0
ST074,AI,3,33,1329468,Medium,Low,23,38,1027229,Yes,7,High,0
ST075,AI,4,28,158717,Large,Medium,90,17,396095,No,7,High,0
ST076,HealthTech,5,23,449892,Large,High,23,77,1575122,Yes,8,Medium,0
ST077,FinTech,10,30,404965,Small,Medium,13,10,174085,Yes,5,Medium,0
ST078,FinTech,12,24,1662148,Large,Medium,39,65,194046,No,1,Low,0
ST079,EdTech,10,25,1596271,Small,Medium,60,13,1334691,Yes,7,High,1
ST080,E-commerce,2,5,589001,Large,Medium,24,18,1280069,No,6,Medium,0
ST081,EdTech,10,19,673705,Medium,Low,0,86,1699588,Yes,2,Low,0
ST082,FinTech,12,18,1965840,Medium,High,55,73,288307,Yes,8,Low,1
ST083,FinTech,7,22,1856156,Medium,Low,40,68,768872,Yes,10,High,1
ST084,HealthTech,13,6,1412196,Small,Medium,4,71,1168874,No,9,Low,0
ST085,E-commerce,2,15,252212,Medium,Low,53,73,1498498,Yes,8,Low,0
ST086,E-commerce,7,36,1826260,Medium,High,85,25,1645255,No,5,Medium,1
ST087,EdTech,8,14,971483,Small,High,31,33,524515,Yes,4,Medium,0
ST088,FinTech,8,17,1113936,Small,Low,67,39,1372395,No,2,Low,0
ST089,HealthTech,14,25,134644,Small,High,37,39,260015,Yes,1,High,0
ST090,AI,5,30,1314671,Medium,Low,33,10,231836,No,10,Low,0
ST091,HealthTech,6,18,130186,Medium,High,76,36,1718641,No,1,Medium,0
ST092,E-commerce,2,15,115990,Large,Medium,63,80,1023987,No,2,Low,0
ST093,HealthTech,2,12,884188,Medium,Low,89,44,869389,No,5,Medium,0
ST094,AI,13,28,88195,Small,Medium,46,35,829422,Yes,7,Low,0
ST095,EdTech,12,38,1901445,Large,Low,46,68,1631212,Yes,3,Low,0
ST096,AI,2,38,1354836,Large,Low,47,74,370050,No,3,Medium,0
ST097,EdTech,3,26,1078673,Large,Low,25,48,275605,No,1,Medium,0
ST098,EdTech,2,12,1392857,Large,Low,28,89,858265,Yes,10,Medium,0
ST099,HealthTech,5,26,803313,Small,High,15,29,528120,Yes,4,High,0
ST100,E-commerce,3,26,1307284,Small,High,58,80,1790502,No,5,Medium,0
ST101,EdTech,11,30,1106080,Medium,Low,56,32,59021,No,1,Medium,0
ST102,E-commerce,5,32,889578,Medium,Low,13,18,279391,No,6,Medium,0
ST103,FinTech,1,4,1384705,Medium,High,16,20,1548219,Yes,6,Low,0
ST104,FinTech,0,6,1337910,Large,Low,88,24,416233,No,3,Medium,0
ST105,EdTech,2,24,1330195,Medium,Low,32,30,689139,No,10,Medium,0
ST106,E-commerce,6,39,601273,Small,Low,78,74,507862,No,6,Low,0
ST107,EdTech,8,22,1927817,Large,Low,48,31,1671204,Yes,5,High,1
ST108,HealthTech,3,18,1173446,Large,Medium,80,60,1557536,No,6,Medium,0
ST109,SaaS,2,30,532444,Medium,Medium,22,88,1569431,No,1,High,0
ST110,FinTech,10,2,1616823,Medium,High,4,38,323240,No,5,Medium,0
ST111,HealthTech,15,16,1334546,Medium,Medium,83,15,56744,Yes,1,High,0
ST112,FinTech,7,28,1273878,Small,Medium,38,85,290445,No,4,High,0
ST113,SaaS,4,30,250916,Small,Low,8,28,1405597,No,5,Medium,0
ST114,SaaS,11,40,1403929,Small,Low,74,66,1272236,No,9,Low,1
ST115,FinTech,0,27,439352,Large,High,30,30,132430,Yes,2,High,0
ST116,AI,13,14,1136865,Small,Medium,77,74,1368108,Yes,7,High,0
ST117,AI,15,36,63315,Medium,High,48,65,1572771,Yes,8,High,0
ST118,E-commerce,8,16,1400607,Large,High,4,25,713628,Yes,5,Medium,0
ST119,FinTech,8,20,1396378,Large,Low,27,20,1074154,Yes,1,Medium,0
ST120,SaaS,10,14,1895839,Large,High,49,52,1270872,No,4,High,0
ST121,SaaS,15,32,1811002,Small,Medium,67,10,65609,Yes,7,High,0
ST122,FinTech,2,38,1960064,Small,High,21,28,79024,Yes,1,Low,0
ST123,SaaS,0,3,137345,Medium,High,17,15,1471731,Yes,2,Low,0
ST124,E-commerce,2,26,274638,Small,High,31,36,436058,Yes,2,Low,0
ST125,HealthTech,9,32,259457,Medium,Medium,16,22,1670875,No,4,Medium,0
ST126,EdTech,8,20,151519,Large,High,47,51,1623207,No,10,Medium,0
ST127,FinTech,0,29,1137629,Large,Low,12,54,993441,Yes,1,High,0
ST128,FinTech,13,2,1147975,Small,Medium,25,46,1608409,Yes,1,Medium,0
ST129,AI,15,39,778101,Small,High,65,43,1222169,No,3,Low,0
ST130,E-commerce,2,33,1702375,Medium,Low,89,81,1660318,No,2,Medium,0
ST131,EdTech,2,29,1913212,Large,Medium,82,13,790035,No,4,Medium,0
ST132,EdTech,7,31,316087,Medium,High,68,86,1592250,Yes,10,Medium,0
ST133,FinTech,10,12,1021310,Large,Medium,56,42,1224607,Yes,4,Medium,0
ST134,FinTech,6,19,682307,Large,Medium,90,89,334207,Yes,3,High,0
ST135,E-commerce,7,22,446935,Small,Low,33,23,355194,Yes,2,Medium,0
ST136,EdTech,9,29,624243,Medium,Medium,25,23,1347942,No,2,Low,0
ST137,E-commerce,13,16,1099596,Large,High,80,47,981567,Yes,1,Medium,0
ST138,E-commerce,7,29,1520443,Large,High,73,85,1580976,Yes,7,High,0
ST139,FinTech,7,13,1395404,Small,High,15,68,917078,No,6,High,0
ST140,FinTech,12,12,574415,Large,High,54,71,964612,No,1,High,0
ST141,AI,10,2,865180,Small,High,62,23,89996,Yes,5,Low,1
ST142,E-commerce,14,36,479878,Medium,High,60,75,43777,No,6,Medium,0
ST143,AI,5,27,1127500,Medium,Medium,15,88,755480,No,1,Medium,0
ST144,SaaS,13,28,1368195,Large,Medium,89,55,1226715,Yes,5,Low,0
ST145,FinTech,7,27,1019128,Large,High,27,31,281160,Yes,2,Medium,0
ST146,E-commerce,11,28,1031678,Medium,Low,37,80,1372325,No,3,Medium,0
ST147,EdTech,8,29,1473585,Medium,High,23,71,15651,No,5,Low,0
ST148,FinTech,13,7,1432577,Medium,High,46,29,645790,Yes,7,Low,1
ST149,FinTech,11,39,81427,Small,High,84,11,449876,No,2,Medium,0
ST150,AI,5,30,776545,Large,High,19,36,854070,Yes,9,High,0
